url,path0,path1,path2,path3,path4,title
https://www.uchigen.co.jp/,,,,,,株式会社ウチゲン - 工業用塗料販売、戸建・集合住宅・工場向け塗装工事
https://www.uchigen.co.jp/recruit/,recruit,,,,,採用情報｜株式会社ウチゲン
https://www.uchigen.co.jp/company/,company,,,,,企業情報｜株式会社ウチゲン
https://www.uchigen.co.jp/csr/,csr,,,,,CSR｜株式会社ウチゲン
https://www.uchigen.co.jp/industrial/,industrial,,,,,工業用塗料と塗装｜株式会社ウチゲン
https://www.uchigen.co.jp/consumer/,consumer,,,,,戸建・集合住宅向け塗装工事｜株式会社ウチゲン
https://www.uchigen.co.jp/factory/,factory,,,,,工場向け塗装工事｜株式会社ウチゲン
https://www.uchigen.co.jp/robot/,robot,,,,,ロボット事業｜株式会社ウチゲン
https://www.uchigen.co.jp/ec/,ec,,,,,Eコマース(EC)事業｜株式会社ウチゲン
https://www.uchigen.co.jp/planning/,planning,,,,,商品企画｜株式会社ウチゲン
https://www.uchigen.co.jp/privacy/,privacy,,,,,プライバシーポリシー｜株式会社ウチゲン
https://www.uchigen.co.jp/sitemap/,sitemap,,,,,サイトマップ｜株式会社ウチゲン
https://www.uchigen.co.jp/cgi-bin/inquiry/form.cgi,cgi-bin,inquiry,form.cgi,,,お問い合わせ｜株式会社ウチゲン
https://www.uchigen.co.jp/company/slogan.html,company,slogan.html,,,,Value Up Challenge 2026 !｜企業情報｜株式会社ウチゲン
https://www.uchigen.co.jp/company/president.html,company,president.html,,,,社長挨拶｜企業情報｜株式会社ウチゲン
https://www.uchigen.co.jp/company/outline.html,company,outline.html,,,,会社概要｜企業情報｜株式会社ウチゲン
https://www.uchigen.co.jp/company/history.html,company,history.html,,,,沿革｜企業情報｜株式会社ウチゲン
https://www.uchigen.co.jp/company/network.html,company,network.html,,,,拠点・グループ会社｜企業情報｜株式会社ウチゲン
https://www.uchigen.co.jp/company/customer.html,company,customer.html,,,,主要取引先｜企業情報｜株式会社ウチゲン
https://www.uchigen.co.jp/uchigen_paint/,uchigen_paint,,,,,ウチゲンペインティングの外壁塗装（浜松・静岡・豊川）
https://www.uchigen.co.jp/news/2017/03/post_23.html,news,2017,03,post_23.html,,ビジネスパートナーを募集致します｜新着情報｜株式会社ウチゲン
https://www.uchigen.co.jp/index.html,index.html,,,,,株式会社ウチゲン - 工業用塗料販売、戸建・集合住宅・工場向け塗装工事
https://www.uchigen.co.jp/industrial/metal.html,industrial,metal.html,,,,金属塗装｜工業用塗料と塗装｜株式会社ウチゲン
https://www.uchigen.co.jp/industrial/news/,industrial,news,,,,新商品情報｜工業用塗料と塗装｜株式会社ウチゲン
https://www.uchigen.co.jp/industrial/news/images/20160906163011-0001_R4.html,industrial,news,images,20160906163011-0001_R4.html,,
https://www.uchigen.co.jp/industrial/resin.html,industrial,resin.html,,,,樹脂塗装｜工業用塗料と塗装｜株式会社ウチゲン
https://www.uchigen.co.jp/industrial/wood.html,industrial,wood.html,,,,木工塗装｜工業用塗料と塗装｜株式会社ウチゲン
https://www.uchigen.co.jp/industrial/maker.html,industrial,maker.html,,,,主要取り扱いメーカー一覧｜工業用塗料と塗装｜株式会社ウチゲン
https://www.uchigen.co.jp/industrial/center.html,industrial,center.html,,,,袋井カラーセンター・関東カラーセンター｜工業用塗料と塗装｜株式会社ウチゲン
https://www.uchigen.co.jp/plant/index.html,plant,index.html,,,,塗装プラント｜株式会社ウチゲン
https://www.uchigen.co.jp/consumer/case/,consumer,case,,,,施工事例｜戸建・集合住宅向け塗装工事｜株式会社ウチゲン
https://www.uchigen.co.jp/news/,news,,,,,新着情報｜株式会社ウチゲン
https://www.uchigen.co.jp/consumer/case/2022/08/post_3.html,consumer,case,2022,08,post_3.html,クリヤー塗装で外壁色を長く美しく保ちます｜施工事例｜戸建・集合住宅向け塗装工事｜株式会社ウチゲン
https://www.uchigen.co.jp/consumer/news/,consumer,news,,,,新商品情報｜戸建・集合住宅向け塗装工事｜株式会社ウチゲン
https://www.uchigen.co.jp/consumer/news/images/perfect%20series_R.html,consumer,news,images,perfect%20series_R.html,,
https://www.uchigen.co.jp/consumer/news/images/perfect%20top_R.html,consumer,news,images,perfect%20top_R.html,,
https://www.uchigen.co.jp/consumer/news/images/%EF%BE%8C%EF%BD%A7%EF%BD%B2%EF%BE%9D4F%EF%BD%BE%EF%BE%97%EF%BE%90%EF%BD%AF%EF%BD%B8_R_R1.html,consumer,news,images,%EF%BE%8C%EF%BD%A7%EF%BD%B2%EF%BE%9D4F%EF%BD%BE%EF%BE%97%EF%BE%90%EF%BD%AF%EF%BD%B8_R_R1.html,,
https://www.uchigen.co.jp/consumer/voice.html,consumer,voice.html,,,,お客様の声｜戸建・集合住宅向け塗装工事｜株式会社ウチゲン
https://www.uchigen.co.jp/consumer/faq/,consumer,faq,,,,よくあるご質問｜戸建・集合住宅向け塗装工事｜株式会社ウチゲン
https://www.uchigen.co.jp/consumer/why.html,consumer,why.html,,,,なぜ塗替えが必要なのでしょうか？｜戸建・集合住宅向け塗装工事｜株式会社ウチゲン
https://www.uchigen.co.jp/consumer/aim.html,consumer,aim.html,,,,塗替え状態の目安とは？｜戸建・集合住宅向け塗装工事｜株式会社ウチゲン
https://www.uchigen.co.jp/consumer/sort.html#cost,consumer,sort.html,,,,どのような種類の塗料があるのですか？｜戸建・集合住宅向け塗装工事｜株式会社ウチゲン
https://www.uchigen.co.jp/consumer/sort.html,consumer,sort.html,,,,どのような種類の塗料があるのですか？｜戸建・集合住宅向け塗装工事｜株式会社ウチゲン
https://www.uchigen.co.jp/consumer/owner.html,consumer,owner.html,,,,マンションオーナー様・マンション管理組合様｜戸建・集合住宅向け塗装工事｜株式会社ウチゲン
https://www.uchigen.co.jp/consumer/case/images/s-IMG_1.html,consumer,case,images,s-IMG_1.html,,
https://www.uchigen.co.jp/consumer/case/images/s-IMG_2.html,consumer,case,images,s-IMG_2.html,,
https://www.uchigen.co.jp/consumer/case/images/s-IMG_3.html,consumer,case,images,s-IMG_3.html,,
https://www.uchigen.co.jp/consumer/case/images/s-IMG_4.html,consumer,case,images,s-IMG_4.html,,
https://www.uchigen.co.jp/consumer/case/images/s-IMG_5.html,consumer,case,images,s-IMG_5.html,,
https://www.uchigen.co.jp/consumer/case/images/s-IMG_6.html,consumer,case,images,s-IMG_6.html,,
https://www.uchigen.co.jp/consumer/case/images/s-IMG_7.html,consumer,case,images,s-IMG_7.html,,
https://www.uchigen.co.jp/consumer/case/images/s-IMG_8.html,consumer,case,images,s-IMG_8.html,,
https://www.uchigen.co.jp/consumer/case/images/%E9%BD%8B%E8%97%A4%E6%A7%98%E9%82%B8%E6%96%BD%E5%B7%A5%E5%89%8D_R.html,consumer,case,images,%E9%BD%8B%E8%97%A4%E6%A7%98%E9%82%B8%E6%96%BD%E5%B7%A5%E5%89%8D_R.html,,
https://www.uchigen.co.jp/consumer/case/images/%E9%BD%8B%E8%97%A4%E6%A7%98%E9%82%B8%E6%96%BD%E5%B7%A5%E5%BE%8C_R.html,consumer,case,images,%E9%BD%8B%E8%97%A4%E6%A7%98%E9%82%B8%E6%96%BD%E5%B7%A5%E5%BE%8C_R.html,,
https://www.uchigen.co.jp/consumer/case/images/%E3%82%AB%E3%83%A9%E3%83%BC%E3%82%B3%E3%83%B3%E3%83%86%E3%82%B9%E3%83%882014%28%E7%89%B9%E5%88%A5%E8%B3%9E%29_R2.html,consumer,case,images,%E3%82%AB%E3%83%A9%E3%83%BC%E3%82%B3%E3%83%B3%E3%83%86%E3%82%B9%E3%83%882014%28%E7%89%B9%E5%88%A5%E8%B3%9E%29_R2.html,,
https://www.uchigen.co.jp/consumer/case/images/%E3%83%97%E3%83%81%E3%83%A1%E3%82%BE%E3%83%B3F%E6%96%BD%E5%B7%A5%E5%89%8D_R.html,consumer,case,images,%E3%83%97%E3%83%81%E3%83%A1%E3%82%BE%E3%83%B3F%E6%96%BD%E5%B7%A5%E5%89%8D_R.html,,
https://www.uchigen.co.jp/consumer/case/images/%E3%83%97%E3%83%81%E3%83%A1%E3%82%BE%E3%83%B3F%E6%96%BD%E5%B7%A5%E5%BE%8C_R.html,consumer,case,images,%E3%83%97%E3%83%81%E3%83%A1%E3%82%BE%E3%83%B3F%E6%96%BD%E5%B7%A5%E5%BE%8C_R.html,,
https://www.uchigen.co.jp/consumer/case/images/IMG_3414_R.html,consumer,case,images,IMG_3414_R.html,,
https://www.uchigen.co.jp/consumer/case/images/IMG_4027_R.html,consumer,case,images,IMG_4027_R.html,,
https://www.uchigen.co.jp/consumer/case/images/IMG_4033_R.html,consumer,case,images,IMG_4033_R.html,,
https://www.uchigen.co.jp/consumer/case/images/IMG_4035_R.html,consumer,case,images,IMG_4035_R.html,,
https://www.uchigen.co.jp/consumer/case/images/IMG_4040_R.html,consumer,case,images,IMG_4040_R.html,,
https://www.uchigen.co.jp/consumer/case/images/IMG_4131_R.html,consumer,case,images,IMG_4131_R.html,,
https://www.uchigen.co.jp/consumer/case/images/IMG_4132_R.html,consumer,case,images,IMG_4132_R.html,,
https://www.uchigen.co.jp/consumer/case/images/IMG_3452_R.html,consumer,case,images,IMG_3452_R.html,,
https://www.uchigen.co.jp/consumer/case/images/IMG_4140_R.html,consumer,case,images,IMG_4140_R.html,,
https://www.uchigen.co.jp/consumer/case/images/IMG_1363_R.html,consumer,case,images,IMG_1363_R.html,,
https://www.uchigen.co.jp/consumer/case/images/IMG_1107.html,consumer,case,images,IMG_1107.html,,
https://www.uchigen.co.jp/consumer/case/images/IMG_1108.html,consumer,case,images,IMG_1108.html,,
https://www.uchigen.co.jp/consumer/case/images/IMG_1109.html,consumer,case,images,IMG_1109.html,,
https://www.uchigen.co.jp/consumer/case/images/IMG_1111.html,consumer,case,images,IMG_1111.html,,
https://www.uchigen.co.jp/consumer/case/images/IMG_1115.html,consumer,case,images,IMG_1115.html,,
https://www.uchigen.co.jp/consumer/case/images/IMG_1117.html,consumer,case,images,IMG_1117.html,,
https://www.uchigen.co.jp/consumer/case/images/IMG_1564_R.html,consumer,case,images,IMG_1564_R.html,,
https://www.uchigen.co.jp/consumer/case/images/IMG_1565_R.html,consumer,case,images,IMG_1565_R.html,,
https://www.uchigen.co.jp/consumer/case/images/1tosoumaezentai_R3.html,consumer,case,images,1tosoumaezentai_R3.html,,
https://www.uchigen.co.jp/consumer/case/images/2tosougozentai_R2.html,consumer,case,images,2tosougozentai_R2.html,,
https://www.uchigen.co.jp/consumer/case/images/3tosoumaeyane_R.html,consumer,case,images,3tosoumaeyane_R.html,,
https://www.uchigen.co.jp/consumer/case/images/4tosougoyane_R.html,consumer,case,images,4tosougoyane_R.html,,
https://www.uchigen.co.jp/consumer/case/images/sekoujirezenntai_mae_R1.html,consumer,case,images,sekoujirezenntai_mae_R1.html,,
https://www.uchigen.co.jp/consumer/case/images/sekoujireitairu_R1.html,consumer,case,images,sekoujireitairu_R1.html,,
https://www.uchigen.co.jp/consumer/case/images/sekoujireizenntai_R.html,consumer,case,images,sekoujireizenntai_R.html,,
https://www.uchigen.co.jp/consumer/case/images/sekoujireiamado_R.html,consumer,case,images,sekoujireiamado_R.html,,
https://www.uchigen.co.jp/consumer/case/images/sekoujireitosoumae_R.html,consumer,case,images,sekoujireitosoumae_R.html,,
https://www.uchigen.co.jp/consumer/case/images/sekoujireitosougo_R2.html,consumer,case,images,sekoujireitosougo_R2.html,,
https://www.uchigen.co.jp/factory/case/,factory,case,,,,施工事例｜工場向け塗装工事｜株式会社ウチゲン
https://www.uchigen.co.jp/factory/case/images/IMG_2403.html,factory,case,images,IMG_2403.html,,
https://www.uchigen.co.jp/factory/case/images/IMG_2404.html,factory,case,images,IMG_2404.html,,
https://www.uchigen.co.jp/factory/case/images/IMG_2405.html,factory,case,images,IMG_2405.html,,
https://www.uchigen.co.jp/factory/case/images/IMG_24071.html,factory,case,images,IMG_24071.html,,
https://www.uchigen.co.jp/factory/case/images/IMG_2417.html,factory,case,images,IMG_2417.html,,
https://www.uchigen.co.jp/factory/case/images/IMG_2424.html,factory,case,images,IMG_2424.html,,
https://www.uchigen.co.jp/factory/case/images/IMG_2426.html,factory,case,images,IMG_2426.html,,
https://www.uchigen.co.jp/factory/case/images/IMG_0562_R.html,factory,case,images,IMG_0562_R.html,,
https://www.uchigen.co.jp/factory/case/images/IMG_0565_R.html,factory,case,images,IMG_0565_R.html,,
https://www.uchigen.co.jp/factory/case/images/IMG_0563_R.html,factory,case,images,IMG_0563_R.html,,
https://www.uchigen.co.jp/factory/case/i/yane_R.html,factory,case,i,yane_R.html,,
https://www.uchigen.co.jp/factory/case/images/IMG_0588_R1.html,factory,case,images,IMG_0588_R1.html,,
https://www.uchigen.co.jp/factory/case/images/IMG_0682_R1.html,factory,case,images,IMG_0682_R1.html,,
https://www.uchigen.co.jp/factory/news/,factory,news,,,,新商品情報｜工場向け塗装工事｜株式会社ウチゲン
https://www.uchigen.co.jp/factory/voice.html,factory,voice.html,,,,お客様の声｜工場向け塗装工事｜株式会社ウチゲン
https://www.uchigen.co.jp/factory/faq/,factory,faq,,,,よくあるご質問｜工場向け塗装工事｜株式会社ウチゲン
https://www.uchigen.co.jp/csr/index.html,csr,index.html,,,,CSR｜株式会社ウチゲン
https://www.uchigen.co.jp/csr/bcp.html,csr,bcp.html,,,,BCP基本方針｜CSR｜株式会社ウチゲン
https://www.uchigen.co.jp/csr/environment.html,csr,environment.html,,,,品質/環境方針｜CSR｜株式会社ウチゲン
https://www.uchigen.co.jp/industrial/index.html,industrial,index.html,,,,工業用塗料と塗装｜株式会社ウチゲン
https://www.uchigen.co.jp/consumer/index.html,consumer,index.html,,,,戸建・集合住宅向け塗装工事｜株式会社ウチゲン
https://www.uchigen.co.jp/factory/index.html,factory,index.html,,,,工場向け塗装工事｜株式会社ウチゲン
https://www.uchigen.co.jp/robot/index.html,robot,index.html,,,,ロボット事業｜株式会社ウチゲン
https://www.uchigen.co.jp/works/,works,,,,,納入実績｜株式会社ウチゲン
https://www.uchigen.co.jp/planning/index.html,planning,index.html,,,,商品企画｜株式会社ウチゲン
https://www.uchigen.co.jp/company/index.html,company,index.html,,,,企業情報｜株式会社ウチゲン
https://www.uchigen.co.jp/recruit/index.html,recruit,index.html,,,,採用情報｜株式会社ウチゲン
https://www.uchigen.co.jp/recruit/paintsales/index.html,recruit,paintsales,index.html,,,ペイントセールスエンジニアをご希望の方｜採用情報｜株式会社ウチゲン
https://www.uchigen.co.jp/recruit/comment.html,recruit,comment.html,,,,採用担当者メッセージ｜採用情報｜株式会社ウチゲン
https://www.uchigen.co.jp/recruit/sier/index.html,recruit,sier,index.html,,,システムインテグレーターをご希望の方｜採用情報｜株式会社ウチゲン
https://www.uchigen.co.jp/recruit/sler.html,recruit,sler.html,,,,求む 第四次産業革命の担い手たち! ｜採用情報｜株式会社ウチゲン
https://www.uchigen.co.jp/recruit/sier/senior.html,recruit,sier,senior.html,,,先輩の仕事情報｜採用情報｜株式会社ウチゲン
https://www.uchigen.co.jp/recruit/sier/senior5.html,recruit,sier,senior5.html,,,ロボット事業部 菅野祐輝｜採用情報｜株式会社ウチゲン
https://www.uchigen.co.jp/recruit/senior/,recruit,senior,,,,先輩の仕事情報｜採用情報｜株式会社ウチゲン
https://www.uchigen.co.jp/recruit/senior/senior1.html,recruit,senior,senior1.html,,,東京営業所 鈴木紀彦｜採用情報｜株式会社ウチゲン
https://www.uchigen.co.jp/recruit/senior/senior3.html,recruit,senior,senior3.html,,,営業第二グループ 増田有希｜採用情報｜株式会社ウチゲン
https://www.uchigen.co.jp/recruit/guideline.html,recruit,guideline.html,,,,募集要項｜採用情報｜株式会社ウチゲン
https://www.uchigen.co.jp/recruit/sier/schedule.html,recruit,sier,schedule.html,,,エントリー・選考スケジュール｜採用情報｜株式会社ウチゲン
https://www.uchigen.co.jp/recruit/sier/,recruit,sier,,,,システムインテグレーターをご希望の方｜採用情報｜株式会社ウチゲン
https://www.uchigen.co.jp/cgi-bin/entry/form.cgi,cgi-bin,entry,form.cgi,,,採用情報｜株式会社ウチゲン
https://www.uchigen.co.jp/recruit/paintsales/guideline.html,recruit,paintsales,guideline.html,,,募集要項｜採用情報｜株式会社ウチゲン
https://www.uchigen.co.jp/recruit/paintsales/,recruit,paintsales,,,,ペイントセールスエンジニアをご希望の方｜採用情報｜株式会社ウチゲン
https://www.uchigen.co.jp/recruit/senior/index.html,recruit,senior,index.html,,,先輩の仕事情報｜採用情報｜株式会社ウチゲン
https://www.uchigen.co.jp/recruit/paintsales/schedule.html,recruit,paintsales,schedule.html,,,エントリー・選考スケジュール｜採用情報｜株式会社ウチゲン
https://www.uchigen.co.jp/recruit/sier/senior4.html,recruit,sier,senior4.html,,,ロボット事業部 吉田篤史｜採用情報｜株式会社ウチゲン
https://www.uchigen.co.jp/privacy/index.html,privacy,index.html,,,,プライバシーポリシー｜株式会社ウチゲン
